City_ID,City,Country,Lat,Lng,Max Temp,Humidity,Cloudiness,Wind Speed,Description
0,Kapaa,US,22.0752,-159.319,84.52,66,40,13.8,scattered clouds
1,Rikitea,PF,-23.1203,-134.9692,70.52,69,58,20.78,broken clouds
2,Harper,LR,4.375,-7.7169,75.58,87,42,7.74,scattered clouds
3,Linqing,CN,36.8456,115.7117,67.73,65,96,6.46,overcast clouds
4,Tuatapere,NZ,-46.1333,167.6833,44.53,88,99,12.68,overcast clouds
5,Itarema,BR,-2.9248,-39.9167,78.03,81,44,18.37,scattered clouds
6,Bulzesti,RO,44.5333,23.8833,58.59,93,100,6.91,light rain
7,Berlevag,NO,70.8578,29.0864,42.8,93,100,16.11,light intensity drizzle
8,East London,ZA,-33.0153,27.9116,63.64,80,100,15.61,overcast clouds
9,Mataura,NZ,-46.1927,168.8643,43.52,96,99,8.72,light rain
10,Tshane,BW,-24.0196,21.8684,59.54,19,0,14.14,clear sky
11,Stefanesti,RO,44.8667,24.9333,61.48,90,100,11.23,overcast clouds
12,Nhulunbuy,AU,-12.2333,136.7667,75.81,78,75,18.41,broken clouds
13,Ambilobe,MG,-13.2,49.05,66.43,78,57,4.43,broken clouds
14,Ixtapa,MX,20.7,-105.2,87.03,70,75,6.91,broken clouds
15,Rumonge,BI,-3.9736,29.4386,72.86,68,51,2.15,broken clouds
16,Hermanus,ZA,-34.4187,19.2345,54.66,75,31,10.92,scattered clouds
17,Livingston,GB,55.9029,-3.5226,61.48,88,100,10.92,overcast clouds
18,Ushuaia,AR,-54.8,-68.3,38.86,93,100,4.61,light intensity drizzle
19,Vila Velha,BR,-20.3297,-40.2925,71.55,82,75,4.61,broken clouds
20,Bredasdorp,ZA,-34.5322,20.0403,49.23,81,21,6.11,few clouds
21,Albany,US,42.6001,-73.9662,69.35,63,24,2.57,few clouds
22,Iqaluit,CA,63.7506,-68.5145,40.69,93,100,5.01,overcast clouds
23,Punta Arenas,CL,-53.15,-70.9167,44.62,87,75,20.71,broken clouds
24,Mayo,US,38.8876,-76.5119,80.94,71,0,16.11,clear sky
25,Codrington,AU,-38.2667,141.9667,52.92,83,73,11.59,broken clouds
26,Mantua,IT,45.1667,10.7833,72.55,78,11,5.01,few clouds
27,Palmer,US,42.1584,-72.3287,68.41,72,0,3.76,clear sky
28,Cape Town,ZA,-33.9258,18.4232,56.12,81,99,5.99,light rain
29,Busselton,AU,-33.65,115.3333,56.37,68,100,15.61,light rain
30,Port Alfred,ZA,-33.5906,26.891,61.16,81,96,15.12,overcast clouds
31,Arraial Do Cabo,BR,-22.9661,-42.0278,69.58,75,0,29.1,clear sky
32,North Bend,US,43.4065,-124.2243,65.91,89,100,0.0,overcast clouds
33,Walvis Bay,NA,-22.9575,14.5053,54.09,84,0,12.62,clear sky
34,Atuona,PF,-9.8,-139.0333,77.07,74,28,23.38,scattered clouds
35,Singaraja,ID,-8.112,115.0882,80.65,71,14,3.22,few clouds
36,Mehamn,NO,71.0357,27.8492,42.75,93,75,13.8,drizzle
37,Vaini,TO,-21.2,-175.2,75.36,78,20,13.8,few clouds
38,Port Elizabeth,ZA,-33.918,25.5701,58.68,78,75,9.64,broken clouds
39,Bambous Virieux,MU,-20.3428,57.7575,65.21,67,0,12.75,clear sky
40,Naze,JP,28.3667,129.4833,80.06,81,98,22.06,light rain
41,Lebu,CL,-37.6167,-73.65,49.12,86,13,18.14,few clouds
42,Yellowknife,CA,62.456,-114.3525,61.38,55,68,6.51,broken clouds
43,Upernavik,GL,72.7868,-56.1549,44.85,94,100,29.24,light rain
44,Kodiak,US,57.79,-152.4072,54.91,76,100,4.61,overcast clouds
45,Hilo,US,19.7297,-155.09,88.29,69,0,10.36,clear sky
46,Te Anau,NZ,-45.4167,167.7167,44.96,88,76,5.68,broken clouds
47,Bluff,NZ,-46.6,168.3333,46.51,73,97,26.22,overcast clouds
48,Severo-Kurilsk,RU,50.6789,156.125,54.28,91,91,11.07,overcast clouds
49,Fort Nelson,CA,58.8053,-122.7002,76.71,31,29,3.06,scattered clouds
50,Nyurba,RU,63.2842,118.3319,38.97,98,100,3.11,overcast clouds
51,Kudahuvadhoo,MV,2.6708,72.8944,81.59,75,8,18.01,clear sky
52,Jardim,BR,-21.4803,-56.1381,72.79,72,40,10.29,scattered clouds
53,Marrakesh,MA,31.6315,-8.0083,80.67,47,40,3.44,scattered clouds
54,Georgetown,MY,5.4112,100.3354,79.9,87,20,3.44,few clouds
55,Roma,US,43.2128,-75.4557,71.73,70,0,6.91,clear sky
56,Castro,BR,-24.7911,-50.0119,64.6,57,82,1.66,broken clouds
57,Pevek,RU,69.7008,170.3133,35.08,88,100,7.96,snow
58,New Norfolk,AU,-42.7826,147.0587,53.71,65,13,1.01,few clouds
59,Altay,CN,47.8667,88.1167,58.41,38,7,3.4,clear sky
60,Qaanaaq,GL,77.484,-69.3632,37.83,95,100,5.93,light rain
61,Tono,JP,39.3167,141.5333,72.1,73,97,2.66,overcast clouds
62,San Angelo,US,31.4638,-100.437,74.95,94,100,5.01,mist
63,Saint-Leu,RE,-21.15,55.2833,67.32,77,18,9.89,few clouds
64,Sao Filipe,CV,14.8961,-24.4956,78.39,87,58,11.63,broken clouds
65,Chuy,UY,-33.6971,-53.4616,47.66,73,37,14.14,scattered clouds
66,Goderich,CA,43.7501,-81.7165,77.92,43,100,8.05,overcast clouds
67,Cherskiy,RU,68.75,161.3,41.77,83,100,8.41,moderate rain
68,Carnarvon,AU,-24.8667,113.6333,66.81,69,11,12.01,few clouds
69,Grindavik,IS,63.8424,-22.4338,51.75,93,0,6.91,clear sky
70,Porto Novo,BJ,6.4965,2.6036,74.86,91,98,4.0,light rain
71,Cidreira,BR,-30.1811,-50.2056,55.98,82,89,16.13,overcast clouds
72,Butaritari,KI,3.0707,172.7902,82.24,75,5,16.22,clear sky
73,Maralal,KE,1.0968,36.698,56.14,78,65,5.08,broken clouds
74,Ponnampet,IN,12.15,75.9333,65.91,98,57,1.23,broken clouds
75,Digha,IN,21.6833,87.55,82.0,85,89,11.21,overcast clouds
76,Bubaque,GW,11.2833,-15.8333,78.55,83,94,11.07,moderate rain
77,Coquimbo,CL,-29.9533,-71.3436,53.33,100,20,5.75,few clouds
78,Hobart,AU,-42.8794,147.3294,54.05,65,20,9.22,few clouds
79,Mount Isa,AU,-20.7333,139.5,58.77,63,75,16.11,broken clouds
80,Asau,RO,46.4333,26.4,52.72,97,100,3.74,overcast clouds
81,Puerto Ayora,EC,-0.7393,-90.3518,69.55,88,84,5.99,broken clouds
82,Valdivia,CL,-39.8142,-73.2459,44.69,86,0,2.66,clear sky
83,Tuktoyaktuk,CA,69.4541,-133.0374,62.6,63,40,4.61,scattered clouds
84,Fortuna,US,40.5982,-124.1573,65.93,84,100,9.22,overcast clouds
85,Mitchell,US,43.7094,-98.0298,80.58,29,0,12.66,clear sky
86,Koungou,YT,-12.7336,45.2042,74.91,83,0,12.66,clear sky
87,Kralendijk,BQ,12.15,-68.2667,84.18,74,20,10.36,few clouds
88,Novaya Ladoga,RU,60.1025,32.3019,46.0,86,96,11.14,overcast clouds
89,Flinders,AU,-34.5833,150.8552,54.68,88,100,13.0,moderate rain
90,Vidisha,IN,23.5333,77.8167,76.17,91,75,5.17,broken clouds
91,Tiksi,RU,71.6872,128.8694,39.43,86,100,12.71,light rain
92,Nome,US,64.5011,-165.4064,58.15,82,100,8.05,overcast clouds
93,Ponta Delgada,PT,37.7333,-25.6667,71.51,78,20,2.3,few clouds
94,Chegdomyn,RU,51.1167,133.0167,64.45,62,49,3.87,scattered clouds
95,Derzhavinsk,KZ,51.1,66.3167,73.63,21,59,10.29,broken clouds
96,Santo Antonio Do Ica,BR,-3.1022,-67.9397,75.27,90,87,3.8,overcast clouds
97,Alofi,NU,-19.0595,-169.9187,74.19,81,100,9.28,light rain
98,Sitka,US,57.0531,-135.33,62.49,72,100,14.97,light rain
99,Tasiilaq,GL,65.6145,-37.6368,41.16,64,97,7.72,overcast clouds
100,Smithers,CA,54.7804,-127.1743,75.0,42,86,3.98,overcast clouds
101,Saskylakh,RU,71.9167,114.0833,37.11,86,100,11.18,overcast clouds
102,Baykit,RU,61.67,96.37,43.14,91,98,3.47,overcast clouds
103,Gunjur,GM,13.2019,-16.7339,75.27,94,75,4.61,moderate rain
104,Saint-Francois,FR,46.4154,3.9054,62.04,94,69,2.3,mist
105,Sirawai,PH,7.5854,122.1407,82.31,80,100,3.56,overcast clouds
106,Vila Franca Do Campo,PT,37.7167,-25.4333,71.2,81,87,5.7,overcast clouds
107,Barrow,US,71.2906,-156.7887,39.22,93,100,6.91,fog
108,Caohai,CN,26.8661,104.2841,52.07,98,100,2.98,overcast clouds
109,Saryozek,KZ,44.3583,77.9753,58.37,31,0,3.0,clear sky
110,Constitucion,CL,-35.3333,-72.4167,53.19,74,0,7.67,clear sky
111,Ituporanga,BR,-27.4144,-49.6025,61.07,99,100,0.63,overcast clouds
112,Gillette,US,44.2911,-105.5022,86.11,23,0,11.5,clear sky
113,Quatre Cocos,MU,-20.2078,57.7625,65.08,68,0,12.48,clear sky
114,Hithadhoo,MV,-0.6,73.0833,80.58,75,55,13.58,broken clouds
115,Araouane,ML,18.9048,-3.5265,93.58,32,4,9.6,clear sky
116,Palu,ID,-0.8917,119.8707,81.75,80,53,2.42,broken clouds
117,Hobyo,SO,5.3505,48.5268,75.49,79,83,24.45,broken clouds
118,San Pedro,PH,14.35,121.0167,79.36,93,100,13.27,light rain
119,Aklavik,CA,68.2191,-135.0107,63.93,46,52,7.05,broken clouds
120,Itapipoca,BR,-3.4944,-39.5786,74.57,83,16,7.94,few clouds
121,Kargil,IN,34.5667,76.1,58.08,48,87,4.21,overcast clouds
122,Nieves,PH,15.3274,120.9485,80.11,92,100,7.54,overcast clouds
123,Kaa-Khem,RU,51.6833,94.7333,55.8,86,81,6.91,broken clouds
124,Avarua,CK,-21.2078,-159.775,78.85,78,20,10.36,few clouds
125,Jamestown,US,42.097,-79.2353,73.04,54,0,4.61,clear sky
126,Makakilo City,US,21.3469,-158.0858,88.12,47,20,12.66,few clouds
127,Kavieng,PG,-2.5744,150.7967,85.12,62,98,14.94,overcast clouds
128,Kyabe,TD,9.4515,18.9449,70.84,98,100,3.04,overcast clouds
129,La Paz,BO,-16.5,-68.15,46.38,75,75,10.36,broken clouds
130,Souillac,MU,-20.5167,57.5167,68.13,71,4,12.06,clear sky
131,Pisco,PE,-13.7,-76.2167,60.85,82,100,11.5,overcast clouds
132,Upata,VE,8.0086,-62.3989,77.2,93,99,2.57,overcast clouds
133,Klaksvik,FO,62.2266,-6.589,58.12,96,53,17.63,broken clouds
134,Faanui,PF,-16.4833,-151.75,78.6,69,0,18.66,clear sky
135,Brunswick,US,41.2381,-81.8418,79.02,69,75,4.61,broken clouds
136,Severobaykalsk,RU,55.65,109.3167,47.93,98,100,4.14,moderate rain
137,Batagay-Alyta,RU,67.8006,130.4114,33.8,95,100,10.11,light snow
138,Cherdyn,RU,60.403,56.4787,42.49,96,86,7.72,overcast clouds
139,Bad Worishofen,DE,48.0167,10.6,59.4,76,100,1.99,overcast clouds
140,Dwarka,IN,22.2394,68.9678,80.73,81,62,9.22,broken clouds
141,Severnyy,RU,50.677,36.5532,48.24,66,0,4.47,clear sky
142,Saint-Philippe,RE,-21.3585,55.7679,62.19,83,84,11.56,broken clouds
143,Clyde River,CA,70.4692,-68.5914,39.43,93,75,3.44,broken clouds
144,Bethel,US,41.3712,-73.414,70.56,64,33,3.85,scattered clouds
145,Lamar,US,33.6668,-95.5836,84.36,72,0,11.5,clear sky
146,Bati,ET,11.1833,40.0167,66.0,69,42,6.73,light rain
147,Mamou,GN,10.5,-12.0,67.05,99,99,2.68,overcast clouds
148,Watertown,US,42.3709,-71.1828,66.85,69,0,9.22,clear sky
149,Nikolskoye,RU,59.7035,30.7861,44.87,90,80,4.79,broken clouds
150,Dolores,AR,-36.3132,-57.6792,41.31,62,0,6.51,clear sky
151,Bhalki,IN,18.0333,77.2167,73.35,90,34,5.12,scattered clouds
152,Geraldton,AU,-28.7667,114.6,59.41,88,100,13.8,overcast clouds
153,Limbang,MY,4.75,115.0,78.91,93,100,3.18,overcast clouds
154,Dukat,RU,62.55,155.55,55.85,56,53,10.16,broken clouds
155,Lermontovka,RU,47.1453,134.3383,65.14,63,2,7.74,clear sky
156,Taltal,CL,-25.4,-70.4833,61.99,55,15,6.11,few clouds
157,Melville,US,40.7934,-73.4151,71.62,71,0,5.75,clear sky
158,Petropavlovsk-Kamchatskiy,RU,53.0452,158.6483,64.99,59,20,4.47,few clouds
159,Lompoc,US,34.6391,-120.4579,99.01,65,0,12.66,clear sky
160,Padang,ID,-0.9492,100.3543,73.45,93,100,3.58,light rain
161,Inta,RU,66.0317,60.1659,44.13,91,100,12.24,overcast clouds
162,Fort Saint James,CA,54.4333,-124.25,79.99,32,92,4.14,overcast clouds
163,Kibala,TD,9.1104,18.3463,70.83,99,92,3.18,light rain
164,Khatanga,RU,71.9667,102.5,36.01,79,100,5.7,overcast clouds
165,Sur,OM,22.5667,59.5289,81.75,66,3,7.52,clear sky
166,Kaitangata,NZ,-46.2817,169.8464,44.85,85,78,11.18,broken clouds
167,Alihe,CN,50.5667,123.7167,65.97,53,73,1.3,broken clouds
168,Saint-Georges,GD,12.0564,-61.7485,80.28,83,20,5.75,few clouds
169,Touros,BR,-5.1989,-35.4608,75.56,83,7,13.89,clear sky
170,Pravia,ES,43.4906,-6.1508,63.68,82,100,4.61,overcast clouds
171,Panormos,GR,35.4182,24.6909,74.66,78,0,6.78,clear sky
172,Juneau,US,58.3019,-134.4197,61.21,90,75,18.41,broken clouds
173,Mbandaka,CD,0.0487,18.2603,66.92,99,92,3.4,overcast clouds
174,Ponta Do Sol,PT,32.6667,-17.1,72.23,79,53,5.08,broken clouds
175,Oussouye,SN,12.485,-16.5469,80.69,90,80,6.29,light rain
176,Umm Kaddadah,SD,13.6017,26.6876,85.24,47,46,12.82,scattered clouds
177,Komsomolskiy,UZ,40.4272,71.7189,70.52,32,0,11.5,clear sky
178,Chokurdakh,RU,70.6333,147.9167,38.07,70,100,11.83,overcast clouds
179,Camacha,PT,33.0833,-16.3333,67.42,83,75,6.91,broken clouds
180,Najran,SA,17.4924,44.1277,77.65,32,45,2.55,scattered clouds
181,Guinticgan,PH,11.5641,123.1236,82.29,81,100,13.09,overcast clouds
182,Moron,AR,-34.6534,-58.6198,56.97,41,0,4.68,clear sky
183,Hasaki,JP,35.7333,140.8333,75.6,85,82,13.33,broken clouds
184,Maceio,BR,-9.6658,-35.7353,74.66,78,6,9.98,clear sky
185,Bawku,GH,11.0616,-0.2417,71.55,92,99,1.59,overcast clouds
186,Timra,SE,62.487,17.3257,46.67,81,100,5.75,overcast clouds
187,Olafsvik,IS,64.8945,-23.7142,48.6,87,25,9.95,scattered clouds
188,Karatuzskoye,RU,53.6072,92.8667,44.73,85,57,3.18,broken clouds
189,Fountain,US,38.6822,-104.7008,91.35,16,40,12.66,scattered clouds
190,Thompson,CA,55.7435,-97.8558,51.96,62,75,6.91,broken clouds
191,Aswan,EG,24.0934,32.907,88.54,27,20,12.77,few clouds
192,Gura Teghii,RO,45.4833,26.4167,55.4,95,100,4.74,overcast clouds
193,Vibo Valentia,IT,38.6996,16.1274,61.39,86,44,2.8,scattered clouds
194,Huarmey,PE,-10.0681,-78.1522,61.92,81,4,9.93,clear sky
195,Provideniya,RU,64.3833,-173.3,48.97,65,13,2.1,few clouds
196,Luderitz,NA,-26.6481,15.1594,53.17,81,0,9.71,clear sky
197,Motril,ES,36.7507,-3.5179,82.04,45,97,5.53,overcast clouds
198,Mariental,NA,-24.6333,17.9667,66.92,33,10,9.26,clear sky
199,Hofn,IS,64.2539,-15.2082,50.45,88,92,14.34,overcast clouds
200,Sioux Lookout,CA,50.1001,-91.917,64.47,48,40,14.97,scattered clouds
201,Mangan,IN,27.5167,88.5333,75.49,93,98,0.81,overcast clouds
202,Agadez,NE,19.75,10.25,90.97,22,2,2.95,clear sky
203,Serpa,PT,37.9458,-7.5975,60.76,73,11,6.89,few clouds
204,Empalme,MX,27.9667,-110.8167,87.85,79,100,0.0,overcast clouds
205,Osmena,PH,10.5208,119.9258,82.63,79,100,9.62,overcast clouds
206,Lagoa,PT,39.05,-27.9833,70.88,74,34,13.67,scattered clouds
207,Los Llanos De Aridane,ES,28.6585,-17.9182,72.12,96,100,10.36,overcast clouds
208,Havoysund,NO,70.9963,24.6622,44.83,76,100,12.06,overcast clouds
209,Airai,TL,-8.9266,125.4092,70.45,49,4,3.94,clear sky
210,Nishihara,JP,26.1842,127.7558,80.65,91,100,29.93,mist
211,Chumikan,RU,54.7183,135.315,59.13,81,52,1.79,broken clouds
212,Merauke,ID,-8.4667,140.3333,81.86,74,10,7.47,clear sky
213,Pathein,MM,16.7833,94.7333,78.85,88,94,5.21,overcast clouds
214,Mae Sai,TH,20.4335,99.8762,73.92,93,95,0.58,overcast clouds
215,Eha Amufu,NG,6.6592,7.7596,69.91,97,97,1.79,overcast clouds
216,Ancud,CL,-41.8697,-73.8203,47.23,85,0,3.09,clear sky
217,Namatanai,PG,-3.6667,152.4333,84.87,61,25,9.22,scattered clouds
218,Muisne,EC,0.6,-80.0333,75.16,85,89,6.49,overcast clouds
219,Palana,RU,59.1167,159.9667,51.22,94,100,12.68,light rain
220,Kruisfontein,ZA,-34.0033,24.7314,52.56,83,58,5.3,broken clouds
221,Saint George,US,37.1041,-113.5841,109.94,10,0,4.0,clear sky
222,Yulara,AU,-25.2406,130.9889,56.64,40,73,19.42,broken clouds
223,Meulaboh,ID,4.1363,96.1285,73.85,94,100,4.25,overcast clouds
224,San Patricio,US,28.017,-97.5169,89.55,63,99,10.8,overcast clouds
225,Fairbanks,US,64.8378,-147.7164,64.6,54,0,6.91,clear sky
226,Labuhan,ID,-6.8844,112.2051,78.98,76,37,8.88,scattered clouds
227,Simao,CN,22.7886,100.9748,66.27,97,93,0.72,overcast clouds
228,Acapulco,MX,16.8634,-99.8901,85.82,74,100,9.22,overcast clouds
229,Anshun,CN,26.25,105.9333,61.3,90,100,6.49,overcast clouds
230,Paso De Los Toros,UY,-32.8167,-56.5167,43.27,76,0,7.18,clear sky
231,Kapit,MY,2.0167,112.9333,74.57,100,100,1.43,overcast clouds
232,Canguaretama,BR,-6.38,-35.1289,72.28,92,23,10.04,few clouds
233,Traverse City,US,44.7631,-85.6206,80.71,60,75,5.75,broken clouds
234,Katsuura,JP,35.1333,140.3,77.9,84,95,10.71,overcast clouds
235,Pichayevo,RU,53.2363,42.2032,42.35,69,30,5.61,scattered clouds
236,Noyabrsk,RU,63.1994,75.4507,44.29,91,100,19.46,moderate rain
237,Avera,US,33.194,-82.5271,75.54,77,87,8.3,overcast clouds
238,Mirpur Sakro,PK,24.5474,67.6277,79.97,84,73,11.99,broken clouds
239,Norman Wells,CA,65.282,-126.8329,71.64,30,40,10.36,scattered clouds
240,Yeppoon,AU,-23.1333,150.7333,67.78,90,100,11.72,overcast clouds
241,Annau,TM,37.8876,58.516,71.1,23,0,4.61,clear sky
242,Muros,ES,42.7762,-9.0603,56.84,88,0,5.64,clear sky
243,Monteagudo,BO,-19.8167,-63.9833,59.65,41,55,3.98,broken clouds
244,Nantucket,US,41.2835,-70.0995,64.15,77,0,4.61,clear sky
245,Takoradi,GH,4.8845,-1.7554,73.87,94,26,7.02,scattered clouds
246,Okhotsk,RU,59.3833,143.3,56.03,56,67,20.67,broken clouds
247,Kissidougou,GN,9.1848,-10.0999,67.28,99,20,3.89,few clouds
248,Guiratinga,BR,-16.3494,-53.7583,79.63,23,6,4.65,clear sky
249,Vila,PT,42.0304,-8.1588,53.71,77,27,3.44,scattered clouds
250,Bonthe,SL,7.5264,-12.505,74.55,90,96,3.8,light rain
251,Lamin,GM,13.3522,-16.4339,75.31,89,100,8.7,moderate rain
252,Dumai,ID,1.6833,101.45,74.01,96,97,2.08,overcast clouds
253,Ca Mau,VN,9.1769,105.15,81.18,85,100,3.85,overcast clouds
254,Jinka,ET,5.65,36.65,68.34,56,89,5.79,overcast clouds
255,Kozan,TR,37.4552,35.8157,77.2,64,3,2.3,clear sky
256,Yerbogachen,RU,61.2767,108.0108,39.94,91,100,6.31,overcast clouds
257,Samfya,ZM,-11.3649,29.5565,62.38,54,29,5.84,scattered clouds
258,Pimentel,PE,-6.8367,-79.9342,62.13,81,45,14.47,scattered clouds
259,Anloga,GH,5.7947,0.8973,75.52,90,72,8.79,broken clouds
260,Grand Gaube,MU,-20.0064,57.6608,65.37,75,0,5.01,clear sky
261,Little Current,CA,45.9793,-81.9248,72.41,78,92,16.06,overcast clouds
262,Shimoda,JP,34.6667,138.95,77.36,78,42,12.39,scattered clouds
263,Ribeira Grande,PT,38.5167,-28.7,72.68,74,99,11.18,overcast clouds
264,Petatlan,MX,17.5167,-101.2667,89.4,80,99,6.4,overcast clouds
265,Vanimo,PG,-2.6741,141.3028,83.46,69,59,7.49,broken clouds
266,Sambava,MG,-14.2667,50.1667,66.45,82,10,14.16,clear sky
267,Buin,CL,-33.7333,-70.75,64.44,53,0,3.96,clear sky
268,Lakes Entrance,AU,-37.8811,147.981,55.17,71,77,8.12,broken clouds
269,Kirakira,SB,-10.4544,161.9205,80.83,84,97,10.2,overcast clouds
270,Cayenne,GF,4.9333,-52.3333,78.84,89,0,3.44,clear sky
271,Esperance,AU,-33.8667,121.9,54.91,71,100,21.25,overcast clouds
272,Longyearbyen,SJ,78.2186,15.6401,44.44,87,75,2.3,broken clouds
273,Ambulu,ID,-8.345,113.6058,76.62,82,11,2.06,few clouds
274,Namwala,ZM,-15.7504,26.4384,60.55,54,1,4.23,clear sky
275,Bilibino,RU,68.0546,166.4372,46.04,96,100,6.22,moderate rain
276,Hvide Sande,DK,56.0045,8.1294,54.09,73,100,17.05,overcast clouds
277,Dunedin,NZ,-45.8742,170.5036,49.46,81,54,17.69,broken clouds
278,Siuna,NI,13.7332,-84.7773,76.06,79,91,2.15,overcast clouds
279,Omboue,GA,-1.5746,9.2618,74.82,88,44,5.64,scattered clouds
280,Nagyszenas,HU,46.6833,20.6667,59.99,91,100,4.05,overcast clouds
281,Seydi,TM,39.4816,62.9137,76.55,15,0,11.95,clear sky
282,Ust-Karsk,RU,52.7011,118.8077,60.78,75,27,0.98,scattered clouds
283,Maputo,MZ,-25.9653,32.5892,62.65,58,0,9.06,clear sky
284,Wanning,CN,18.8003,110.3967,79.75,88,100,3.22,overcast clouds
285,Sibu,MY,2.3,111.8167,77.31,94,40,3.44,scattered clouds
286,Tamluk,IN,22.3,87.9167,80.01,89,44,7.09,light rain
287,Nanortalik,GL,60.1432,-45.2371,49.14,56,94,21.23,overcast clouds
288,Wewak,PG,-3.5534,143.6268,83.64,71,63,6.73,broken clouds
289,Port Lincoln,AU,-34.7333,135.8667,54.81,60,59,14.74,broken clouds
290,Nador,MA,35.174,-2.9287,82.65,36,0,6.91,clear sky
291,Veraval,IN,20.9,70.3667,79.79,87,6,9.22,clear sky
292,Mahebourg,MU,-20.4081,57.7,65.25,68,1,12.95,clear sky
293,Cockburn Town,TC,21.4612,-71.1419,82.96,75,4,16.98,clear sky
294,San Quintin,MX,30.4833,-115.95,81.36,60,2,11.05,clear sky
295,Sinnamary,GF,5.3833,-52.95,80.17,83,88,13.04,overcast clouds
296,Lensk,RU,60.7253,114.9278,44.85,80,93,4.94,overcast clouds
297,Egvekinot,RU,66.3167,-179.1667,39.63,74,72,5.26,broken clouds
298,Coihaique,CL,-45.5752,-72.0662,47.01,76,75,6.91,broken clouds
299,Atambua,ID,-9.1061,124.8925,79.43,63,13,2.64,few clouds
300,Isla Vista,US,34.4133,-119.861,103.3,37,6,6.42,clear sky
301,Yaan,NG,7.3833,8.5667,68.04,96,99,3.58,overcast clouds
302,Fare,PF,-16.7,-151.0167,78.69,66,0,19.19,clear sky
303,Novikovo,RU,51.1537,37.8879,48.42,55,100,5.3,overcast clouds
304,Batticaloa,LK,7.7102,81.6924,79.27,78,43,1.57,scattered clouds
305,Isangel,VU,-19.55,169.2667,77.13,59,93,12.46,overcast clouds
306,Forest,US,37.3638,-79.2897,76.91,78,0,0.0,clear sky
307,Cravo Norte,CO,6.3017,-70.2041,80.11,77,81,4.81,broken clouds
308,Kamina,CD,-8.7386,24.9906,70.95,51,100,3.91,overcast clouds
309,Lorengau,PG,-2.0226,147.2712,84.15,67,92,8.7,overcast clouds
310,Pacific Grove,US,36.6177,-121.9166,89.38,87,20,9.22,few clouds
311,Spassk,RU,52.747,87.7545,51.04,97,97,1.81,overcast clouds
312,Bowen,AU,-20.0167,148.2333,70.75,75,100,15.43,overcast clouds
313,Cabo San Lucas,MX,22.8909,-109.9124,83.61,92,100,19.57,overcast clouds
314,Luwuk,ID,-0.9516,122.7875,82.22,74,27,5.53,scattered clouds
315,Aksay,RU,47.26,39.87,68.25,26,0,13.0,clear sky
316,San-Pedro,CI,4.7485,-6.6363,73.11,96,12,4.92,few clouds
317,Riwaka,NZ,-41.0833,173.0,62.19,55,99,3.11,moderate rain
318,Tura,IN,25.5198,90.2201,73.26,98,97,5.93,overcast clouds
319,Tanout,NE,14.9709,8.8879,86.76,42,94,7.11,overcast clouds
320,Yuscaran,HN,13.9333,-86.85,69.66,82,89,3.47,overcast clouds
321,Talnakh,RU,69.4865,88.3972,41.81,77,99,0.87,overcast clouds
322,Gari,RU,59.4307,62.3497,48.47,95,9,8.28,clear sky
323,Zverinogolovskoye,RU,54.4586,64.8542,62.8,80,55,8.7,light rain
324,Sharlyk,RU,52.9167,54.75,55.98,41,51,5.88,broken clouds
325,Sumkino,RU,58.1108,68.3244,59.29,87,100,5.61,overcast clouds
326,Lyubech,UA,51.7026,30.6569,46.06,57,100,5.84,overcast clouds
327,Umm Lajj,SA,25.0213,37.2685,84.11,82,79,13.27,broken clouds
328,Tiarei,PF,-17.5333,-149.3333,82.42,71,9,19.35,clear sky
329,Tyup,KG,42.7276,78.3648,54.25,35,0,4.72,clear sky
330,Kon Tum,VN,14.35,108.0,72.43,96,88,0.96,overcast clouds
331,Huanren,CN,41.2647,125.3667,67.28,79,19,1.81,few clouds
332,Khash,IR,28.2211,61.2158,70.36,12,0,3.6,clear sky
333,Springbok,ZA,-29.6643,17.8865,38.71,88,34,1.7,scattered clouds
334,Mar Del Plata,AR,-38.0023,-57.5575,45.88,75,0,4.0,mist
335,Male,MV,4.1748,73.5089,78.75,89,75,26.46,broken clouds
336,Whitehorse,CA,60.7161,-135.0538,57.97,65,100,13.8,overcast clouds
337,Puerto Narino,CO,-3.7703,-70.3831,77.85,75,69,3.87,broken clouds
338,Pleshanovo,RU,52.8333,53.4833,51.55,48,53,5.57,broken clouds
339,Zhangye,CN,38.9342,100.4517,64.99,33,94,0.29,overcast clouds
340,Tucurui,BR,-3.7661,-49.6725,77.74,47,12,1.88,few clouds
341,Kieta,PG,-6.2167,155.6333,83.82,69,98,2.68,overcast clouds
342,Boyolangu,ID,-8.1181,111.8935,76.26,87,57,5.03,broken clouds
343,Gaeta,IT,41.2183,13.5628,70.74,85,7,2.8,clear sky
344,Ylivieska,FI,64.0833,24.55,43.88,95,86,4.14,overcast clouds
345,Hwange,ZW,-18.3693,26.5019,61.65,52,0,2.84,clear sky
346,Ajaccio,FR,42.0,8.9167,67.98,83,100,4.61,light rain
347,Barranca,PE,-10.75,-77.7667,60.19,81,14,8.28,few clouds
348,Ocos,GT,14.5094,-92.1933,75.38,84,100,14.94,overcast clouds
349,Casper,US,42.8666,-106.3131,88.39,19,0,8.05,clear sky
350,Hamilton,US,39.1834,-84.5333,82.26,70,0,9.22,clear sky
351,San Andres,CO,12.5847,-81.7006,84.22,74,75,10.36,broken clouds
352,Rio Cauto,CU,20.5603,-76.9161,79.05,77,35,9.8,scattered clouds
353,Dneprovskaya,RU,45.6236,38.8081,69.08,38,5,16.31,clear sky
354,Chulman,RU,56.8479,124.9104,45.09,73,36,2.68,scattered clouds
355,Laguna,US,38.421,-121.4238,109.35,13,0,6.91,clear sky
356,Mandan,US,46.8267,-100.8896,77.36,33,0,9.22,clear sky
357,Muroto,JP,33.2833,134.15,81.57,78,90,12.91,overcast clouds
358,Cap Malheureux,MU,-19.9842,57.6142,65.46,75,0,5.01,clear sky
359,Slochteren,NL,53.2208,6.8055,63.18,61,57,8.05,broken clouds
360,Ofaqim,IL,31.3141,34.6203,75.7,81,13,7.0,few clouds
361,Awjilah,LY,29.1081,21.2869,79.3,57,0,10.36,clear sky
362,Sovetskiy,RU,61.3614,63.5842,52.97,96,98,6.67,overcast clouds
363,Waiouru,NZ,-39.4833,175.6667,43.9,90,95,7.25,overcast clouds
364,Aiken,US,33.5835,-81.5998,78.71,93,0,3.44,clear sky
365,Anadyr,RU,64.75,177.4833,48.7,70,75,13.42,broken clouds
366,Bardiyah,LY,31.7561,25.0865,77.29,77,0,4.5,clear sky
367,San Cristobal,VE,7.7669,-72.225,75.38,95,95,2.55,overcast clouds
368,Rapid City,US,44.0805,-103.231,87.26,26,0,9.22,clear sky
369,Yar-Sale,RU,66.8333,70.8333,45.55,74,100,18.63,overcast clouds
370,Ilulissat,GL,69.2167,-51.1,46.42,93,100,10.36,overcast clouds
371,Port Augusta,AU,-32.5,137.7667,53.8,48,0,11.95,clear sky
372,Amapa,BR,1.0,-52.0,73.38,89,81,2.53,broken clouds
373,Rock Hill,US,34.9249,-81.0251,83.07,59,0,0.0,clear sky
374,Macusani,PE,-14.0833,-70.4333,35.44,74,20,6.62,few clouds
375,Voh,NC,-20.9667,164.7,78.01,57,93,7.47,overcast clouds
376,Dingle,PH,10.9995,122.6711,81.54,83,100,8.19,overcast clouds
377,Dubbo,AU,-32.25,148.6167,51.93,82,100,13.8,light rain
378,Atbasar,KZ,51.8,68.3333,71.44,27,82,9.73,broken clouds
379,Kharp,RU,66.8014,65.8081,42.75,91,100,20.49,moderate rain
380,Nuuk,GL,64.1835,-51.7216,47.01,93,100,8.05,light snow
381,Derbent,RU,42.0678,48.2899,79.41,45,1,4.32,clear sky
382,Saint-Augustin,CA,51.226,-58.6502,58.62,58,11,9.13,few clouds
383,Aksarka,RU,66.5606,67.7975,44.87,80,100,20.31,light rain
384,Rudsar,IR,37.1376,50.288,75.18,53,0,2.89,clear sky
385,Deputatskiy,RU,69.3,139.9,30.16,81,100,5.19,overcast clouds
386,Dikson,RU,73.5069,80.5464,41.68,77,40,7.52,scattered clouds
387,Khokhlovo,RU,59.1492,37.3998,40.39,95,83,8.41,broken clouds
388,Ostrovnoy,RU,68.0531,39.5131,48.18,94,100,23.6,light rain
389,Virginia Beach,US,36.8529,-75.978,81.01,76,40,8.05,scattered clouds
390,San Felipe,VE,10.3399,-68.7425,74.19,93,86,3.06,overcast clouds
391,Westport,US,41.1415,-73.3579,71.82,62,0,5.99,clear sky
392,Salalah,OM,17.0151,54.0924,77.09,88,75,5.75,broken clouds
393,Guerrero Negro,MX,27.9769,-114.0611,83.97,65,74,3.85,broken clouds
394,Srednekolymsk,RU,67.45,153.6833,35.19,93,100,23.06,snow
395,Ometepec,MX,16.6833,-98.4167,75.58,94,99,3.6,overcast clouds
396,Beloha,MG,-25.1667,45.05,61.21,82,0,10.74,clear sky
397,Nalut,LY,30.3333,10.85,86.65,23,0,16.37,clear sky
398,Santa Cruz,BO,-17.8,-63.1667,72.86,35,75,13.8,broken clouds
399,Bend,US,44.0582,-121.3153,102.15,13,0,13.8,clear sky
400,Angicos,BR,-5.6656,-36.6011,76.06,71,21,21.81,few clouds
401,Sechura,PE,-5.5569,-80.8222,64.44,73,5,16.96,clear sky
402,Bima,ID,-8.4667,118.7167,82.94,71,24,4.52,few clouds
403,Henties Bay,NA,-22.116,14.2845,54.27,90,1,5.79,clear sky
404,Saint-Joseph,RE,-21.3667,55.6167,61.18,81,64,12.08,broken clouds
405,Jerez,GT,14.1,-89.75,68.7,97,96,1.81,overcast clouds
406,Chapada Dos Guimaraes,BR,-15.4606,-55.7497,80.26,23,46,2.44,scattered clouds
407,Kahului,US,20.8947,-156.47,89.62,64,20,20.71,few clouds
408,Lieto,FI,60.5103,22.4618,39.47,93,0,3.44,clear sky
409,Viedma,AR,-40.8135,-62.9967,48.31,37,0,1.59,clear sky
410,Kargat,RU,55.1956,80.2811,48.56,81,95,8.86,overcast clouds
411,Surt,LY,31.2089,16.5887,79.88,67,0,5.35,clear sky
412,Pozo Colorado,PY,-23.4923,-58.7972,66.16,62,99,3.4,overcast clouds
413,Alexandria,EG,31.2156,29.9553,79.3,69,0,8.25,clear sky
414,Velsk,RU,61.0701,42.0983,43.11,93,99,10.47,overcast clouds
415,Reyes,BO,-14.3167,-67.3833,76.5,62,42,6.29,scattered clouds
416,Rovaniemi,FI,66.5,25.7167,44.01,87,75,9.22,broken clouds
417,Nouadhibou,MR,20.931,-17.0347,73.62,87,19,14.07,few clouds
418,Ahipara,NZ,-35.1667,173.1667,60.82,65,100,10.74,overcast clouds
419,Lata,PT,40.1629,-8.3327,57.0,98,53,2.04,broken clouds
420,Nizhniy Odes,RU,63.6445,54.856,44.76,99,100,3.58,light rain
421,Staritsa,RU,56.5075,34.9354,38.44,95,30,5.88,scattered clouds
422,Saint Anthony,US,45.0205,-93.218,84.09,63,75,10.36,broken clouds
423,Msanga,TZ,-6.05,36.0333,60.48,65,7,6.13,clear sky
424,Hualmay,PE,-11.0964,-77.6139,61.14,79,14,9.44,few clouds
425,Accra,GH,5.556,-0.1969,75.61,94,40,11.5,scattered clouds
426,Bahawalnagar,PK,30.5508,73.3908,83.75,54,0,6.08,clear sky
427,Luanda,AO,-8.8368,13.2343,71.6,88,75,2.3,broken clouds
428,Rabaul,PG,-4.1967,152.1721,82.69,69,15,4.05,few clouds
429,Santa Ines,BR,-3.6667,-45.38,77.94,66,11,5.03,few clouds
430,Lasa,IT,46.6166,10.7002,59.36,94,84,1.57,broken clouds
431,Mitu,CO,1.1983,-70.1733,74.26,90,84,3.85,moderate rain
432,Yarada,IN,17.65,83.2667,80.92,94,40,2.3,mist
433,Beaverlodge,CA,55.2166,-119.4361,85.35,18,67,13.44,broken clouds
434,Azangaro,PE,-14.9167,-70.2167,46.42,50,60,4.47,broken clouds
435,Gorom-Gorom,BF,14.4439,-0.2361,77.74,76,88,14.99,overcast clouds
436,High Rock,BS,26.6208,-78.2833,82.42,69,28,10.04,scattered clouds
437,Ketchikan,US,55.3422,-131.6461,63.07,77,100,6.91,overcast clouds
438,Nizwa,OM,22.9333,57.5333,80.96,54,34,1.14,scattered clouds
439,San Policarpo,PH,12.1791,125.5072,82.54,80,100,7.52,overcast clouds
440,La Ronge,CA,55.1001,-105.2842,70.02,45,20,9.22,few clouds
441,Sept-Iles,CA,50.2001,-66.3821,62.6,68,20,12.66,few clouds
442,Tombouctou,ML,20.0,-3.0,95.27,29,4,11.65,clear sky
443,Rio Gallegos,AR,-51.6226,-69.2181,51.85,62,100,18.41,overcast clouds
444,Huntsville,US,34.7304,-86.5861,84.45,72,40,5.75,scattered clouds
445,Pacifica,US,37.6138,-122.4869,82.49,81,20,20.71,few clouds
446,Kavaratti,IN,10.5669,72.642,79.77,81,80,12.73,broken clouds
447,Torbay,CA,47.6666,-52.7314,67.75,88,40,9.22,scattered clouds
448,Rosarito,MX,32.3333,-117.0333,93.24,61,8,5.06,clear sky
449,Erenhot,CN,43.6475,111.9767,65.3,51,96,17.38,overcast clouds
450,Victoria,HK,22.2855,114.1577,86.25,64,12,17.0,few clouds
451,Yashkul,RU,46.1711,45.3435,74.01,29,61,18.34,broken clouds
452,Yakovlevo,RU,50.8603,36.4478,48.45,58,99,6.78,overcast clouds
453,Ouallam,NE,14.3188,2.0866,77.77,76,37,12.68,scattered clouds
454,Severomorsk,RU,69.0689,33.4162,45.0,85,100,24.87,overcast clouds
455,Montes Altos,BR,-5.8333,-47.0667,81.37,26,5,5.08,clear sky
456,Sistranda,NO,63.7256,8.834,46.36,71,2,7.72,clear sky
457,La Asuncion,VE,11.0333,-63.8628,80.33,94,42,2.3,scattered clouds
458,Comodoro Rivadavia,AR,-45.8667,-67.5,58.86,33,47,44.87,dust
459,Bichena,ET,10.45,38.2,52.14,82,28,3.56,scattered clouds
460,Sheridan,US,44.8333,-106.9173,89.98,22,0,4.61,clear sky
461,Harbour Breton,CA,47.4833,-55.7983,65.17,86,0,5.17,clear sky
462,Litovko,RU,49.2361,135.1742,64.29,76,3,6.08,clear sky
463,Pangnirtung,CA,66.1451,-65.7125,48.67,92,100,4.47,light rain
464,Nanakuli,US,21.3906,-158.1547,89.55,41,20,9.22,few clouds
465,Adeje,ES,28.1227,-16.726,75.11,94,20,17.27,few clouds
466,Halifax,CA,44.6453,-63.5724,60.69,79,3,1.99,clear sky
467,Kondinskoye,RU,59.6481,67.41,57.27,97,100,7.36,overcast clouds
468,Parati,BR,-23.2178,-44.7131,70.18,50,0,3.47,clear sky
469,Sault Sainte Marie,CA,46.5168,-84.3333,75.76,70,0,11.5,clear sky
470,Ariquemes,BR,-9.9133,-63.0408,84.47,29,25,2.71,scattered clouds
471,Husavik,IS,66.0449,-17.3389,50.43,89,5,4.61,clear sky
472,Finschhafen,PG,-6.6024,147.8681,83.97,68,24,7.11,few clouds
473,Carutapera,BR,-1.195,-46.02,78.22,82,6,8.48,clear sky
474,Araguaina,BR,-7.1911,-48.2072,78.37,30,2,2.95,clear sky
475,Vestmannaeyjar,IS,63.4427,-20.2734,51.4,77,59,3.91,broken clouds
476,Lagos,NG,6.5833,3.75,79.12,94,100,1.45,overcast clouds
477,Kumluca,TR,36.3703,30.2869,76.77,70,0,3.49,clear sky
478,Stephenville,US,32.2207,-98.2023,81.39,74,0,3.44,clear sky
479,San Luis,AR,-33.295,-66.3356,52.03,17,0,11.27,clear sky
480,Fort-Shevchenko,KZ,44.5086,50.263,79.34,54,1,11.25,clear sky
481,Boa Vista,BR,2.8197,-60.6733,78.78,83,40,6.91,light rain
482,Ayan,RU,56.45,138.1667,57.61,63,44,3.91,scattered clouds
483,Olyka,UA,50.7186,25.8125,53.92,43,100,7.63,overcast clouds
484,Adre,TD,13.4667,22.2,72.21,87,93,7.81,overcast clouds
485,Alenquer,BR,-1.9417,-54.7383,80.73,64,85,2.77,overcast clouds
486,Karasjok,NO,69.4719,25.5112,39.94,90,100,7.78,overcast clouds
487,Karratha,AU,-20.7377,116.8463,67.93,85,100,4.52,light rain
488,Nakambala,ZM,-15.8324,27.7799,60.67,52,44,5.5,scattered clouds
489,Napoleon,US,41.3923,-84.1252,78.94,65,100,5.77,overcast clouds
490,Nizhniy Kuranakh,RU,58.8353,125.4869,46.38,70,42,4.68,scattered clouds
491,Colares,PT,38.7992,-9.4469,68.76,84,100,7.0,overcast clouds
492,Concordia,AR,-31.393,-58.0209,53.78,76,0,7.0,clear sky
493,Hambantota,LK,6.1241,81.1185,77.41,84,75,14.03,broken clouds
494,Ciudad Bolivar,VE,8.1222,-63.5497,82.51,76,95,1.39,overcast clouds
495,Half Moon Bay,US,37.4636,-122.4286,91.54,74,75,20.71,mist
496,Carmelo,UY,-33.9892,-58.2856,46.85,62,0,5.21,clear sky
497,Birao,CF,10.2849,22.7882,71.2,98,100,5.32,overcast clouds
498,Erzin,TR,36.9559,36.2,78.04,64,19,0.38,few clouds
499,Lakhnadon,IN,22.6,79.6,74.89,86,97,4.5,overcast clouds
500,Vernon,CA,50.2581,-119.2691,98.76,21,0,1.14,clear sky
501,Bathurst,AU,-33.4166,149.5806,52.83,72,99,3.0,overcast clouds
502,Margate,GB,51.3813,1.3862,64.69,85,69,1.01,broken clouds
503,Kuryk,KZ,43.2,51.65,82.11,23,0,8.59,clear sky
504,Waipawa,NZ,-41.4122,175.5153,54.73,81,100,19.33,overcast clouds
505,Ulagan,RU,50.6321,87.9563,49.19,90,99,1.48,overcast clouds
506,Guipavas,FR,48.4352,-4.3972,61.12,100,100,4.61,mist
507,Shahpura,IN,27.3833,75.9667,81.05,71,51,6.98,broken clouds
508,Damghan,IR,36.1683,54.348,71.98,30,0,1.95,clear sky
509,Nogliki,RU,51.8333,143.1667,63.84,74,1,13.42,clear sky
510,Portland,US,45.5234,-122.6762,92.84,41,100,5.75,smoke
511,Broome,US,42.2506,-75.833,70.18,69,0,3.44,clear sky
512,Vallenar,CL,-28.5708,-70.7581,62.37,44,0,1.41,clear sky
513,Katherine,AU,-14.4667,132.2667,75.52,46,2,16.11,clear sky
514,Kainantu,PG,-6.2887,145.8655,71.47,64,74,3.98,broken clouds
515,Laviana,ES,43.2333,-5.5333,64.71,96,99,0.89,overcast clouds
516,Nabire,ID,-3.3667,135.4833,82.29,72,100,0.69,overcast clouds
517,Namie,JP,37.4833,141.0,77.72,80,66,3.87,broken clouds
518,Chiang Khong,TH,20.2613,100.4046,74.66,91,86,0.22,overcast clouds
519,Dawson Creek,CA,55.7666,-120.2362,85.64,16,0,16.11,clear sky
520,Redlands,US,34.0556,-117.1825,104.2,31,40,9.22,scattered clouds
521,Bertoua,CM,4.5833,13.6833,65.14,95,92,3.53,overcast clouds
522,Minuri,PH,16.535,121.8574,79.39,81,100,6.55,overcast clouds
523,Dezful,IR,32.3811,48.4058,92.88,11,0,4.29,clear sky
524,Gamba,GA,-2.65,10.0,72.63,89,24,6.04,few clouds
525,Vao,NC,-22.6667,167.4833,72.45,71,100,15.79,overcast clouds
526,Saldanha,ZA,-33.0117,17.9442,51.85,89,87,13.87,overcast clouds
527,Kawhia,NZ,-38.0651,174.8183,60.51,80,100,14.32,overcast clouds
528,Tiznit,MA,29.5833,-9.5,79.61,39,73,5.3,broken clouds
529,Svetlogorsk,BY,52.6333,29.7333,44.08,68,99,5.32,overcast clouds
530,Black River,JM,18.0264,-77.8487,79.79,82,100,3.96,overcast clouds
531,Bandiagara,ML,14.3501,-3.6104,72.59,87,88,9.46,heavy intensity rain
532,Hami,CN,42.8,93.45,70.75,20,2,4.32,clear sky
533,Port Hardy,CA,50.6996,-127.4199,66.38,77,75,3.44,broken clouds
534,Flagstaff,US,35.1981,-111.6513,89.6,21,0,9.22,clear sky
535,Dawei,MM,14.0833,98.2,77.97,92,100,1.48,overcast clouds
536,Riyadh,SA,24.6877,46.7219,84.34,14,45,5.61,scattered clouds
537,Madinat Sittah Uktubar,EG,29.8167,31.05,78.4,78,0,12.97,clear sky
538,Kyra,RU,49.5776,111.9753,55.02,80,27,2.28,scattered clouds
539,Lakselv,NO,70.0513,24.9718,40.82,93,40,12.66,scattered clouds
540,Imbituba,BR,-28.24,-48.6703,65.86,94,100,13.65,overcast clouds
541,Santiago Del Estero,AR,-27.7951,-64.2615,61.66,27,0,9.91,clear sky
542,Beringovskiy,RU,63.05,179.3167,52.3,57,47,5.82,scattered clouds
543,Jacqueville,CI,5.2052,-4.4146,73.98,93,37,8.77,scattered clouds
544,Tocopilla,CL,-22.092,-70.1979,61.68,73,20,9.08,few clouds
545,Ucluelet,CA,48.9329,-125.5528,64.71,87,95,3.0,overcast clouds
546,Dubinino,RU,55.6192,89.0911,39.02,90,16,1.79,few clouds
547,Senador Pompeu,BR,-5.5881,-39.3717,78.48,39,1,3.09,clear sky
548,Minervino Murge,IT,41.0843,16.0784,63.23,77,4,3.11,clear sky
549,Rio Verde De Mato Grosso,BR,-18.9181,-54.8442,83.25,33,12,8.93,few clouds
550,Mapimi,MX,25.8167,-103.85,82.87,44,100,8.32,overcast clouds
551,Japura,ID,-0.3167,102.35,73.53,98,100,2.06,overcast clouds
552,Pindwara,IN,24.8,73.0667,79.36,84,94,1.81,overcast clouds
553,Fredericksburg,US,38.3032,-77.4605,81.41,71,75,3.44,broken clouds
554,Dalbandin,PK,28.8947,64.4101,83.28,11,0,2.26,clear sky
555,Tahoua,NE,14.8888,5.2692,83.97,57,88,10.4,overcast clouds
556,Eureka,US,40.8021,-124.1637,76.68,92,68,3.0,broken clouds
557,Khandyga,RU,62.6667,135.6,41.81,96,100,5.28,light rain
558,Thinadhoo,MV,0.5333,72.9333,81.88,71,66,15.7,broken clouds
559,Buraydah,SA,26.326,43.975,81.05,12,1,5.06,clear sky
560,Faya,SA,18.3851,42.4509,66.31,40,13,4.54,few clouds
561,Vardo,NO,70.3705,31.1107,44.58,93,100,21.85,overcast clouds
562,Sujangarh,IN,27.7011,74.4649,85.1,63,74,8.01,broken clouds
563,Puerto Carreno,CO,6.189,-67.4859,78.67,83,99,3.91,overcast clouds
564,Chernyshevskiy,RU,63.0128,112.4714,35.74,97,100,7.23,overcast clouds
565,Lerwick,GB,60.1545,-1.1494,55.4,89,67,16.73,broken clouds
566,Kaspiyskiy,RU,45.3929,47.3707,79.56,55,94,15.55,overcast clouds
567,Zhenhai,CN,24.2582,118.0905,84.88,62,72,11.16,broken clouds
568,Kushiro,JP,42.975,144.3747,67.15,72,75,1.14,broken clouds
569,Santa Maria,BR,-29.6842,-53.8069,58.3,72,75,3.44,broken clouds
570,Narasannapeta,IN,18.4167,84.05,79.66,88,34,5.37,scattered clouds
571,Sola,VU,-13.8833,167.55,81.27,83,75,5.75,broken clouds
